{"cameraMode":{"drawMode":0,"name":"Shaded","section":"Shading Mode"},"sceneLighting":true,"audioPlay":false,"sceneViewState":{"m_AlwaysRefresh":false,"showFog":true,"showSkybox":true,"showFlares":true,"showImageEffects":true,"showParticleSystems":true,"showVisualEffectGraphs":true,"m_FxEnabled":true},"in2DMode":false,"pivot":{"x":2.6035377979278566,"y":2.49025297164917,"z":-1.4034186601638795},"rotation":{"x":0.10776630789041519,"y":0.7792329788208008,"z":-0.13963191211223603,"w":0.6014040112495422},"size":0.1255415678024292,"orthographic":false}